<channel version="3.4.2">
  <id>c05e7751-5e94-433c-9b5e-db5bab30aa9f</id>
  <nextMetaDataId>2</nextMetaDataId>
  <name>BB-to-DynamoDB</name>
  <description></description>
  <enabled>true</enabled>
  <lastModified>
    <time>1477599881208</time>
    <timezone>America/Los_Angeles</timezone>
  </lastModified>
  <revision>8</revision>
  <sourceConnector version="3.4.2">
    <metaDataId>0</metaDataId>
    <name>sourceConnector</name>
    <properties class="com.mirth.connect.connectors.vm.VmReceiverProperties" version="3.4.2">
      <pluginProperties/>
      <sourceConnectorProperties version="3.4.2">
        <responseVariable>None</responseVariable>
        <respondAfterProcessing>true</respondAfterProcessing>
        <processBatch>false</processBatch>
        <firstResponse>false</firstResponse>
        <processingThreads>1</processingThreads>
        <resourceIds class="linked-hash-map">
          <entry>
            <string>Default Resource</string>
            <string>[Default Resource]</string>
          </entry>
          <entry>
            <string>796ea40c-02b0-4f6d-b1ef-d6f9fae09fc8</string>
            <string>AWS Resources</string>
          </entry>
        </resourceIds>
        <queueBufferSize>1000</queueBufferSize>
      </sourceConnectorProperties>
    </properties>
    <transformer version="3.4.2">
      <steps/>
      <inboundDataType>RAW</inboundDataType>
      <outboundDataType>RAW</outboundDataType>
      <inboundProperties class="com.mirth.connect.plugins.datatypes.raw.RawDataTypeProperties" version="3.4.2">
        <batchProperties class="com.mirth.connect.plugins.datatypes.raw.RawBatchProperties" version="3.4.2">
          <splitType>JavaScript</splitType>
          <batchScript></batchScript>
        </batchProperties>
      </inboundProperties>
      <outboundProperties class="com.mirth.connect.plugins.datatypes.raw.RawDataTypeProperties" version="3.4.2">
        <batchProperties class="com.mirth.connect.plugins.datatypes.raw.RawBatchProperties" version="3.4.2">
          <splitType>JavaScript</splitType>
          <batchScript></batchScript>
        </batchProperties>
      </outboundProperties>
    </transformer>
    <filter version="3.4.2">
      <rules/>
    </filter>
    <transportName>Channel Reader</transportName>
    <mode>SOURCE</mode>
    <enabled>true</enabled>
    <waitForPrevious>true</waitForPrevious>
  </sourceConnector>
  <destinationConnectors>
    <connector version="3.4.2">
      <metaDataId>1</metaDataId>
      <name>Destination 1</name>
      <properties class="com.mirth.connect.connectors.js.JavaScriptDispatcherProperties" version="3.4.2">
        <pluginProperties/>
        <destinationConnectorProperties version="3.4.2">
          <queueEnabled>false</queueEnabled>
          <sendFirst>false</sendFirst>
          <retryIntervalMillis>10000</retryIntervalMillis>
          <regenerateTemplate>false</regenerateTemplate>
          <retryCount>0</retryCount>
          <rotate>false</rotate>
          <includeFilterTransformer>false</includeFilterTransformer>
          <threadCount>1</threadCount>
          <threadAssignmentVariable></threadAssignmentVariable>
          <validateResponse>false</validateResponse>
          <resourceIds class="linked-hash-map">
            <entry>
              <string>Default Resource</string>
              <string>[Default Resource]</string>
            </entry>
            <entry>
              <string>796ea40c-02b0-4f6d-b1ef-d6f9fae09fc8</string>
              <string>AWS Resources</string>
            </entry>
          </resourceIds>
          <queueBufferSize>1000</queueBufferSize>
        </destinationConnectorProperties>
        <script>var uuid = UUIDGenerator.getUUID();
channelMap.put(&quot;awsBlueButtonMapId&quot;, uuid);
var awsFileId = globalMap.get(&quot;awsFileMapId&quot;);

var currentDate = DateUtil.getCurrentDate(&quot;MM-dd-yyyy-HH-mm&quot;);

//loading DynamoDB java code
var awsObj = new Packages.org.mirth.project.MCAWS();

var ccdJsonData = connectorMessage.getRawData();

//logger.info(ccdJsonData);

awsObj.dynamoInsertJson(ccdJsonData,&quot;mirthdata&quot;,awsFileId,currentDate);</script>
      </properties>
      <transformer version="3.4.2">
        <steps/>
        <inboundDataType>RAW</inboundDataType>
        <outboundDataType>RAW</outboundDataType>
        <inboundProperties class="com.mirth.connect.plugins.datatypes.raw.RawDataTypeProperties" version="3.4.2">
          <batchProperties class="com.mirth.connect.plugins.datatypes.raw.RawBatchProperties" version="3.4.2">
            <splitType>JavaScript</splitType>
            <batchScript></batchScript>
          </batchProperties>
        </inboundProperties>
        <outboundProperties class="com.mirth.connect.plugins.datatypes.raw.RawDataTypeProperties" version="3.4.2">
          <batchProperties class="com.mirth.connect.plugins.datatypes.raw.RawBatchProperties" version="3.4.2">
            <splitType>JavaScript</splitType>
            <batchScript></batchScript>
          </batchProperties>
        </outboundProperties>
      </transformer>
      <responseTransformer version="3.4.2">
        <steps/>
        <inboundDataType>RAW</inboundDataType>
        <outboundDataType>RAW</outboundDataType>
        <inboundProperties class="com.mirth.connect.plugins.datatypes.raw.RawDataTypeProperties" version="3.4.2">
          <batchProperties class="com.mirth.connect.plugins.datatypes.raw.RawBatchProperties" version="3.4.2">
            <splitType>JavaScript</splitType>
            <batchScript></batchScript>
          </batchProperties>
        </inboundProperties>
        <outboundProperties class="com.mirth.connect.plugins.datatypes.raw.RawDataTypeProperties" version="3.4.2">
          <batchProperties class="com.mirth.connect.plugins.datatypes.raw.RawBatchProperties" version="3.4.2">
            <splitType>JavaScript</splitType>
            <batchScript></batchScript>
          </batchProperties>
        </outboundProperties>
      </responseTransformer>
      <filter version="3.4.2">
        <rules/>
      </filter>
      <transportName>JavaScript Writer</transportName>
      <mode>DESTINATION</mode>
      <enabled>true</enabled>
      <waitForPrevious>true</waitForPrevious>
    </connector>
  </destinationConnectors>
  <preprocessingScript>// Modify the message variable below to pre process data
return message;</preprocessingScript>
  <postprocessingScript>// This script executes once after a message has been processed
// Responses returned from here will be stored as &quot;Postprocessor&quot; in the response map
return;</postprocessingScript>
  <deployScript>// This script executes once when the channel is deployed
// You only have access to the globalMap and globalChannelMap here to persist data
return;</deployScript>
  <undeployScript>// This script executes once when the channel is undeployed
// You only have access to the globalMap and globalChannelMap here to persist data
return;</undeployScript>
  <properties version="3.4.2">
    <clearGlobalChannelMap>true</clearGlobalChannelMap>
    <messageStorageMode>DEVELOPMENT</messageStorageMode>
    <encryptData>false</encryptData>
    <removeContentOnCompletion>false</removeContentOnCompletion>
    <removeOnlyFilteredOnCompletion>false</removeOnlyFilteredOnCompletion>
    <removeAttachmentsOnCompletion>false</removeAttachmentsOnCompletion>
    <initialState>STARTED</initialState>
    <storeAttachments>false</storeAttachments>
    <tags class="linked-hash-set"/>
    <metaDataColumns>
      <metaDataColumn>
        <name>SOURCE</name>
        <type>STRING</type>
        <mappingName>mirth_source</mappingName>
      </metaDataColumn>
      <metaDataColumn>
        <name>TYPE</name>
        <type>STRING</type>
        <mappingName>mirth_type</mappingName>
      </metaDataColumn>
    </metaDataColumns>
    <attachmentProperties version="3.4.2">
      <type>None</type>
      <properties/>
    </attachmentProperties>
    <archiveEnabled>true</archiveEnabled>
    <resourceIds class="linked-hash-map">
      <entry>
        <string>Default Resource</string>
        <string>[Default Resource]</string>
      </entry>
      <entry>
        <string>796ea40c-02b0-4f6d-b1ef-d6f9fae09fc8</string>
        <string>AWS Resources</string>
      </entry>
    </resourceIds>
  </properties>
  <codeTemplateLibraries/>
</channel>