<channel version="3.4.2">
  <id>0d69b092-33d1-4213-8684-dbf3a7e265b4</id>
  <nextMetaDataId>6</nextMetaDataId>
  <name>CCD-Pull</name>
  <description></description>
  <enabled>true</enabled>
  <lastModified>
    <time>1478907847293</time>
    <timezone>America/Los_Angeles</timezone>
  </lastModified>
  <revision>20</revision>
  <sourceConnector version="3.4.2">
    <metaDataId>0</metaDataId>
    <name>sourceConnector</name>
    <properties class="com.mirth.connect.connectors.file.FileReceiverProperties" version="3.4.2">
      <pluginProperties/>
      <pollConnectorProperties version="3.4.2">
        <pollingType>INTERVAL</pollingType>
        <pollOnStart>true</pollOnStart>
        <pollingFrequency>5000</pollingFrequency>
        <pollingHour>0</pollingHour>
        <pollingMinute>0</pollingMinute>
        <cronJobs/>
        <pollConnectorPropertiesAdvanced>
          <weekly>true</weekly>
          <inactiveDays>
            <boolean>false</boolean>
            <boolean>false</boolean>
            <boolean>false</boolean>
            <boolean>false</boolean>
            <boolean>false</boolean>
            <boolean>false</boolean>
            <boolean>false</boolean>
            <boolean>false</boolean>
          </inactiveDays>
          <dayOfMonth>1</dayOfMonth>
          <allDay>true</allDay>
          <startingHour>8</startingHour>
          <startingMinute>0</startingMinute>
          <endingHour>17</endingHour>
          <endingMinute>0</endingMinute>
        </pollConnectorPropertiesAdvanced>
      </pollConnectorProperties>
      <sourceConnectorProperties version="3.4.2">
        <responseVariable>None</responseVariable>
        <respondAfterProcessing>true</respondAfterProcessing>
        <processBatch>false</processBatch>
        <firstResponse>false</firstResponse>
        <processingThreads>1</processingThreads>
        <resourceIds class="linked-hash-map">
          <entry>
            <string>Default Resource</string>
            <string>[Default Resource]</string>
          </entry>
        </resourceIds>
        <queueBufferSize>1000</queueBufferSize>
      </sourceConnectorProperties>
      <scheme>FILE</scheme>
      <host>/mirth/app/ccd/input</host>
      <fileFilter>*.*</fileFilter>
      <regex>false</regex>
      <directoryRecursion>false</directoryRecursion>
      <ignoreDot>true</ignoreDot>
      <anonymous>true</anonymous>
      <username>anonymous</username>
      <password>anonymous</password>
      <timeout>10000</timeout>
      <secure>true</secure>
      <passive>true</passive>
      <validateConnection>true</validateConnection>
      <afterProcessingAction>MOVE</afterProcessingAction>
      <moveToDirectory>/mirth/app/ccd/processed</moveToDirectory>
      <moveToFileName>${originalFilename}</moveToFileName>
      <errorReadingAction>NONE</errorReadingAction>
      <errorResponseAction>AFTER_PROCESSING</errorResponseAction>
      <errorMoveToDirectory></errorMoveToDirectory>
      <errorMoveToFileName></errorMoveToFileName>
      <checkFileAge>true</checkFileAge>
      <fileAge>1000</fileAge>
      <fileSizeMinimum>0</fileSizeMinimum>
      <fileSizeMaximum></fileSizeMaximum>
      <ignoreFileSizeMaximum>true</ignoreFileSizeMaximum>
      <sortBy>date</sortBy>
      <binary>false</binary>
      <charsetEncoding>DEFAULT_ENCODING</charsetEncoding>
    </properties>
    <transformer version="3.4.2">
      <steps>
        <step>
          <sequenceNumber>0</sequenceNumber>
          <name>New Step</name>
          <script>var uuid = UUIDGenerator.getUUID();
globalMap.put(&quot;awsFileMapId&quot;, uuid);</script>
          <type>JavaScript</type>
          <data>
            <entry>
              <string>Script</string>
              <string>var uuid = UUIDGenerator.getUUID();
globalMap.put(&quot;awsFileMapId&quot;, uuid);</string>
            </entry>
          </data>
        </step>
      </steps>
      <inboundTemplate encoding="base64"></inboundTemplate>
      <outboundTemplate encoding="base64"></outboundTemplate>
      <inboundDataType>XML</inboundDataType>
      <outboundDataType>XML</outboundDataType>
      <inboundProperties class="com.mirth.connect.plugins.datatypes.xml.XMLDataTypeProperties" version="3.4.2">
        <serializationProperties class="com.mirth.connect.plugins.datatypes.xml.XMLSerializationProperties" version="3.4.2">
          <stripNamespaces>false</stripNamespaces>
        </serializationProperties>
        <batchProperties class="com.mirth.connect.plugins.datatypes.xml.XMLBatchProperties" version="3.4.2">
          <splitType>Element_Name</splitType>
          <elementName></elementName>
          <level>1</level>
          <query></query>
          <batchScript></batchScript>
        </batchProperties>
      </inboundProperties>
      <outboundProperties class="com.mirth.connect.plugins.datatypes.xml.XMLDataTypeProperties" version="3.4.2">
        <serializationProperties class="com.mirth.connect.plugins.datatypes.xml.XMLSerializationProperties" version="3.4.2">
          <stripNamespaces>true</stripNamespaces>
        </serializationProperties>
        <batchProperties class="com.mirth.connect.plugins.datatypes.xml.XMLBatchProperties" version="3.4.2">
          <splitType>Element_Name</splitType>
          <elementName></elementName>
          <level>1</level>
          <query></query>
          <batchScript></batchScript>
        </batchProperties>
      </outboundProperties>
    </transformer>
    <filter version="3.4.2">
      <rules/>
    </filter>
    <transportName>File Reader</transportName>
    <mode>SOURCE</mode>
    <enabled>true</enabled>
    <waitForPrevious>true</waitForPrevious>
  </sourceConnector>
  <destinationConnectors>
    <connector version="3.4.2">
      <metaDataId>1</metaDataId>
      <name>Destination 1</name>
      <properties class="com.mirth.connect.connectors.file.FileDispatcherProperties" version="3.4.2">
        <pluginProperties/>
        <destinationConnectorProperties version="3.4.2">
          <queueEnabled>false</queueEnabled>
          <sendFirst>false</sendFirst>
          <retryIntervalMillis>10000</retryIntervalMillis>
          <regenerateTemplate>false</regenerateTemplate>
          <retryCount>0</retryCount>
          <rotate>false</rotate>
          <includeFilterTransformer>false</includeFilterTransformer>
          <threadCount>1</threadCount>
          <threadAssignmentVariable></threadAssignmentVariable>
          <validateResponse>false</validateResponse>
          <resourceIds class="linked-hash-map">
            <entry>
              <string>Default Resource</string>
              <string>[Default Resource]</string>
            </entry>
          </resourceIds>
          <queueBufferSize>1000</queueBufferSize>
        </destinationConnectorProperties>
        <scheme>FILE</scheme>
        <host>/mirth/app/ccd/output</host>
        <outputPattern>${originalFilename}</outputPattern>
        <anonymous>true</anonymous>
        <username>anonymous</username>
        <password>anonymous</password>
        <timeout>10000</timeout>
        <secure>true</secure>
        <passive>true</passive>
        <validateConnection>true</validateConnection>
        <outputAppend>false</outputAppend>
        <errorOnExists>false</errorOnExists>
        <temporary>false</temporary>
        <binary>false</binary>
        <charsetEncoding>DEFAULT_ENCODING</charsetEncoding>
        <template>${message.rawData}</template>
      </properties>
      <transformer version="3.4.2">
        <steps/>
        <inboundDataType>XML</inboundDataType>
        <outboundDataType>XML</outboundDataType>
        <inboundProperties class="com.mirth.connect.plugins.datatypes.xml.XMLDataTypeProperties" version="3.4.2">
          <serializationProperties class="com.mirth.connect.plugins.datatypes.xml.XMLSerializationProperties" version="3.4.2">
            <stripNamespaces>true</stripNamespaces>
          </serializationProperties>
          <batchProperties class="com.mirth.connect.plugins.datatypes.xml.XMLBatchProperties" version="3.4.2">
            <splitType>Element_Name</splitType>
            <elementName></elementName>
            <level>1</level>
            <query></query>
            <batchScript></batchScript>
          </batchProperties>
        </inboundProperties>
        <outboundProperties class="com.mirth.connect.plugins.datatypes.xml.XMLDataTypeProperties" version="3.4.2">
          <serializationProperties class="com.mirth.connect.plugins.datatypes.xml.XMLSerializationProperties" version="3.4.2">
            <stripNamespaces>true</stripNamespaces>
          </serializationProperties>
          <batchProperties class="com.mirth.connect.plugins.datatypes.xml.XMLBatchProperties" version="3.4.2">
            <splitType>Element_Name</splitType>
            <elementName></elementName>
            <level>1</level>
            <query></query>
            <batchScript></batchScript>
          </batchProperties>
        </outboundProperties>
      </transformer>
      <responseTransformer version="3.4.2">
        <steps/>
        <inboundDataType>XML</inboundDataType>
        <outboundDataType>XML</outboundDataType>
        <inboundProperties class="com.mirth.connect.plugins.datatypes.xml.XMLDataTypeProperties" version="3.4.2">
          <serializationProperties class="com.mirth.connect.plugins.datatypes.xml.XMLSerializationProperties" version="3.4.2">
            <stripNamespaces>true</stripNamespaces>
          </serializationProperties>
          <batchProperties class="com.mirth.connect.plugins.datatypes.xml.XMLBatchProperties" version="3.4.2">
            <splitType>Element_Name</splitType>
            <elementName></elementName>
            <level>1</level>
            <query></query>
            <batchScript></batchScript>
          </batchProperties>
        </inboundProperties>
        <outboundProperties class="com.mirth.connect.plugins.datatypes.xml.XMLDataTypeProperties" version="3.4.2">
          <serializationProperties class="com.mirth.connect.plugins.datatypes.xml.XMLSerializationProperties" version="3.4.2">
            <stripNamespaces>true</stripNamespaces>
          </serializationProperties>
          <batchProperties class="com.mirth.connect.plugins.datatypes.xml.XMLBatchProperties" version="3.4.2">
            <splitType>Element_Name</splitType>
            <elementName></elementName>
            <level>1</level>
            <query></query>
            <batchScript></batchScript>
          </batchProperties>
        </outboundProperties>
      </responseTransformer>
      <filter version="3.4.2">
        <rules/>
      </filter>
      <transportName>File Writer</transportName>
      <mode>DESTINATION</mode>
      <enabled>true</enabled>
      <waitForPrevious>true</waitForPrevious>
    </connector>
  </destinationConnectors>
  <preprocessingScript>// Modify the message variable below to pre process data
return message;</preprocessingScript>
  <postprocessingScript>// This script executes once after a message has been processed
// Responses returned from here will be stored as &quot;Postprocessor&quot; in the response map
return;</postprocessingScript>
  <deployScript>// This script executes once when the channel is deployed
// You only have access to the globalMap and globalChannelMap here to persist data
return;</deployScript>
  <undeployScript>// This script executes once when the channel is undeployed
// You only have access to the globalMap and globalChannelMap here to persist data
return;</undeployScript>
  <properties version="3.4.2">
    <clearGlobalChannelMap>true</clearGlobalChannelMap>
    <messageStorageMode>DEVELOPMENT</messageStorageMode>
    <encryptData>false</encryptData>
    <removeContentOnCompletion>false</removeContentOnCompletion>
    <removeOnlyFilteredOnCompletion>false</removeOnlyFilteredOnCompletion>
    <removeAttachmentsOnCompletion>false</removeAttachmentsOnCompletion>
    <initialState>STARTED</initialState>
    <storeAttachments>false</storeAttachments>
    <tags class="linked-hash-set"/>
    <metaDataColumns>
      <metaDataColumn>
        <name>SOURCE</name>
        <type>STRING</type>
        <mappingName>mirth_source</mappingName>
      </metaDataColumn>
      <metaDataColumn>
        <name>TYPE</name>
        <type>STRING</type>
        <mappingName>mirth_type</mappingName>
      </metaDataColumn>
    </metaDataColumns>
    <attachmentProperties version="3.4.2">
      <type>None</type>
      <properties/>
    </attachmentProperties>
    <archiveEnabled>true</archiveEnabled>
    <resourceIds class="linked-hash-map">
      <entry>
        <string>Default Resource</string>
        <string>[Default Resource]</string>
      </entry>
    </resourceIds>
  </properties>
  <codeTemplateLibraries/>
</channel>