<channel version="3.4.2">
  <id>41f8ab5b-d3be-48ea-b03e-3b2a7223a79e</id>
  <nextMetaDataId>6</nextMetaDataId>
  <name>DICOM-Image</name>
  <description></description>
  <enabled>true</enabled>
  <lastModified>
    <time>1483079535680</time>
    <timezone>America/Los_Angeles</timezone>
  </lastModified>
  <revision>42</revision>
  <sourceConnector version="3.4.2">
    <metaDataId>0</metaDataId>
    <name>sourceConnector</name>
    <properties class="com.mirth.connect.connectors.dimse.DICOMReceiverProperties" version="3.4.2">
      <pluginProperties/>
      <listenerConnectorProperties version="3.4.2">
        <host>127.0.0.1</host>
        <port>104</port>
      </listenerConnectorProperties>
      <sourceConnectorProperties version="3.4.2">
        <responseVariable>Auto-generate (Before processing)</responseVariable>
        <respondAfterProcessing>true</respondAfterProcessing>
        <processBatch>false</processBatch>
        <firstResponse>false</firstResponse>
        <processingThreads>1</processingThreads>
        <resourceIds class="linked-hash-map">
          <entry>
            <string>Default Resource</string>
            <string>[Default Resource]</string>
          </entry>
          <entry>
            <string>2f02969e-d5fa-4182-880a-19f316ba9faf</string>
            <string>DICOM Resources</string>
          </entry>
          <entry>
            <string>796ea40c-02b0-4f6d-b1ef-d6f9fae09fc8</string>
            <string>AWS Resources</string>
          </entry>
        </resourceIds>
        <queueBufferSize>1000</queueBufferSize>
      </sourceConnectorProperties>
      <applicationEntity></applicationEntity>
      <localHost></localHost>
      <localPort></localPort>
      <localApplicationEntity></localApplicationEntity>
      <soCloseDelay>50</soCloseDelay>
      <releaseTo>5</releaseTo>
      <requestTo>5</requestTo>
      <idleTo>60</idleTo>
      <reaper>10</reaper>
      <rspDelay>0</rspDelay>
      <pdv1>false</pdv1>
      <sndpdulen>16</sndpdulen>
      <rcvpdulen>16</rcvpdulen>
      <async>0</async>
      <bigEndian>false</bigEndian>
      <bufSize>1</bufSize>
      <defts>false</defts>
      <dest>/mirth/app/dicom/image/</dest>
      <nativeData>false</nativeData>
      <sorcvbuf>0</sorcvbuf>
      <sosndbuf>0</sosndbuf>
      <tcpDelay>true</tcpDelay>
      <keyPW></keyPW>
      <keyStore></keyStore>
      <keyStorePW></keyStorePW>
      <noClientAuth>true</noClientAuth>
      <nossl2>true</nossl2>
      <tls>notls</tls>
      <trustStore></trustStore>
      <trustStorePW></trustStorePW>
    </properties>
    <transformer version="3.4.2">
      <steps>
        <step>
          <sequenceNumber>0</sequenceNumber>
          <name>New Step</name>
          <script>var imagedata = DICOMUtil.convertDICOM(&apos;JPEG&apos;,connectorMessage, 1);
channelMap.put(&apos;dicomJpeg&apos;, imagedata);</script>
          <type>JavaScript</type>
          <data>
            <entry>
              <string>Script</string>
              <string>var imagedata = DICOMUtil.convertDICOM(&apos;JPEG&apos;,connectorMessage, 1);
channelMap.put(&apos;dicomJpeg&apos;, imagedata);</string>
            </entry>
          </data>
        </step>
        <step>
          <sequenceNumber>1</sequenceNumber>
          <name>PatientName</name>
          <script>var mapping;

try {
	mapping = msg[&quot;tag00100010&quot;].toString(); 
} catch (e) {
	logger.error(e);
	mapping = &apos;&apos;;
}

channelMap.put(&apos;PatientName&apos;, validate( mapping , &apos;&apos;, new Array()));</script>
          <type>Mapper</type>
          <data>
            <entry>
              <string>Variable</string>
              <string>PatientName</string>
            </entry>
            <entry>
              <string>Mapping</string>
              <string>msg[&quot;tag00100010&quot;].toString()</string>
            </entry>
            <entry>
              <string>DefaultValue</string>
              <string></string>
            </entry>
            <entry>
              <string>RegularExpressions</string>
              <list/>
            </entry>
            <entry>
              <string>isGlobal</string>
              <string>channel</string>
            </entry>
          </data>
        </step>
        <step>
          <sequenceNumber>2</sequenceNumber>
          <name>PatientID</name>
          <script>var mapping;

try {
	mapping = msg[&quot;tag00100020&quot;].toString(); 
} catch (e) {
	logger.error(e);
	mapping = &apos;&apos;;
}

channelMap.put(&apos;PatientID&apos;, validate( mapping , &apos;&apos;, new Array()));</script>
          <type>Mapper</type>
          <data>
            <entry>
              <string>Variable</string>
              <string>PatientID</string>
            </entry>
            <entry>
              <string>Mapping</string>
              <string>msg[&quot;tag00100020&quot;].toString()</string>
            </entry>
            <entry>
              <string>DefaultValue</string>
              <string></string>
            </entry>
            <entry>
              <string>RegularExpressions</string>
              <list/>
            </entry>
            <entry>
              <string>isGlobal</string>
              <string>channel</string>
            </entry>
          </data>
        </step>
        <step>
          <sequenceNumber>3</sequenceNumber>
          <name>StartDate</name>
          <script>var mapping;

try {
	mapping = msg[&quot;tag00321000&quot;].toString(); 
} catch (e) {
	logger.error(e);
	mapping = &apos;&apos;;
}

channelMap.put(&apos;StartDate&apos;, validate( mapping , &apos;&apos;, new Array()));</script>
          <type>Mapper</type>
          <data>
            <entry>
              <string>Variable</string>
              <string>StartDate</string>
            </entry>
            <entry>
              <string>Mapping</string>
              <string>msg[&quot;tag00321000&quot;].toString()</string>
            </entry>
            <entry>
              <string>DefaultValue</string>
              <string></string>
            </entry>
            <entry>
              <string>RegularExpressions</string>
              <list/>
            </entry>
            <entry>
              <string>isGlobal</string>
              <string>channel</string>
            </entry>
          </data>
        </step>
        <step>
          <sequenceNumber>4</sequenceNumber>
          <name>StartTime</name>
          <script>var mapping;

try {
	mapping = msg[&quot;tag00321001&quot;].toString(); 
} catch (e) {
	logger.error(e);
	mapping = &apos;&apos;;
}

channelMap.put(&apos;StartTime&apos;, validate( mapping , &apos;&apos;, new Array()));</script>
          <type>Mapper</type>
          <data>
            <entry>
              <string>Variable</string>
              <string>StartTime</string>
            </entry>
            <entry>
              <string>Mapping</string>
              <string>msg[&quot;tag00321001&quot;].toString()</string>
            </entry>
            <entry>
              <string>DefaultValue</string>
              <string></string>
            </entry>
            <entry>
              <string>RegularExpressions</string>
              <list/>
            </entry>
            <entry>
              <string>isGlobal</string>
              <string>channel</string>
            </entry>
          </data>
        </step>
        <step>
          <sequenceNumber>5</sequenceNumber>
          <name>New Step</name>
          <script>var newUUID = UUIDGenerator.getUUID();

var sDate = channelMap.get(&quot;StartDate&quot;);
var pId = channelMap.get(&quot;PatientID&quot;);
var awsFileId = newUUID+&quot;-&quot;+pId;

var awsImgFileId = awsFileId+&quot;.jpg&quot;;

var awsImgId = pId;

channelMap.put(&quot;awsFileId&quot;,awsImgId);
channelMap.put(&quot;awsS3FileName&quot;,awsImgFileId);</script>
          <type>JavaScript</type>
          <data>
            <entry>
              <string>Script</string>
              <string>var newUUID = UUIDGenerator.getUUID();

var sDate = channelMap.get(&quot;StartDate&quot;);
var pId = channelMap.get(&quot;PatientID&quot;);
var awsFileId = newUUID+&quot;-&quot;+pId;

var awsImgFileId = awsFileId+&quot;.jpg&quot;;

var awsImgId = pId;

channelMap.put(&quot;awsFileId&quot;,awsImgId);
channelMap.put(&quot;awsS3FileName&quot;,awsImgFileId);</string>
            </entry>
          </data>
        </step>
      </steps>
      <inboundTemplate encoding="base64"></inboundTemplate>
      <outboundTemplate encoding="base64"></outboundTemplate>
      <inboundDataType>DICOM</inboundDataType>
      <outboundDataType>DICOM</outboundDataType>
      <inboundProperties class="com.mirth.connect.plugins.datatypes.dicom.DICOMDataTypeProperties" version="3.4.2"/>
      <outboundProperties class="com.mirth.connect.plugins.datatypes.dicom.DICOMDataTypeProperties" version="3.4.2"/>
    </transformer>
    <filter version="3.4.2">
      <rules/>
    </filter>
    <transportName>DICOM Listener</transportName>
    <mode>SOURCE</mode>
    <enabled>true</enabled>
    <waitForPrevious>true</waitForPrevious>
  </sourceConnector>
  <destinationConnectors>
    <connector version="3.4.2">
      <metaDataId>3</metaDataId>
      <name>Write DICOM Image Locally</name>
      <properties class="com.mirth.connect.connectors.file.FileDispatcherProperties" version="3.4.2">
        <pluginProperties/>
        <destinationConnectorProperties version="3.4.2">
          <queueEnabled>false</queueEnabled>
          <sendFirst>false</sendFirst>
          <retryIntervalMillis>10000</retryIntervalMillis>
          <regenerateTemplate>false</regenerateTemplate>
          <retryCount>0</retryCount>
          <rotate>false</rotate>
          <includeFilterTransformer>false</includeFilterTransformer>
          <threadCount>1</threadCount>
          <threadAssignmentVariable></threadAssignmentVariable>
          <validateResponse>false</validateResponse>
          <resourceIds class="linked-hash-map">
            <entry>
              <string>Default Resource</string>
              <string>[Default Resource]</string>
            </entry>
          </resourceIds>
          <queueBufferSize>1000</queueBufferSize>
        </destinationConnectorProperties>
        <scheme>FILE</scheme>
        <host>/mirth/app/dicom/output/</host>
        <outputPattern>${awsS3FileName}</outputPattern>
        <anonymous>true</anonymous>
        <username>anonymous</username>
        <password>anonymous</password>
        <timeout>10000</timeout>
        <secure>true</secure>
        <passive>true</passive>
        <validateConnection>true</validateConnection>
        <outputAppend>false</outputAppend>
        <errorOnExists>false</errorOnExists>
        <temporary>false</temporary>
        <binary>true</binary>
        <charsetEncoding>DEFAULT_ENCODING</charsetEncoding>
        <template>${dicomJpeg}</template>
      </properties>
      <transformer version="3.4.2">
        <steps/>
        <inboundDataType>DICOM</inboundDataType>
        <outboundDataType>DICOM</outboundDataType>
        <inboundProperties class="com.mirth.connect.plugins.datatypes.dicom.DICOMDataTypeProperties" version="3.4.2"/>
        <outboundProperties class="com.mirth.connect.plugins.datatypes.dicom.DICOMDataTypeProperties" version="3.4.2"/>
      </transformer>
      <responseTransformer version="3.4.2">
        <steps/>
        <inboundDataType>DICOM</inboundDataType>
        <outboundDataType>DICOM</outboundDataType>
        <inboundProperties class="com.mirth.connect.plugins.datatypes.dicom.DICOMDataTypeProperties" version="3.4.2"/>
        <outboundProperties class="com.mirth.connect.plugins.datatypes.dicom.DICOMDataTypeProperties" version="3.4.2"/>
      </responseTransformer>
      <filter version="3.4.2">
        <rules/>
      </filter>
      <transportName>File Writer</transportName>
      <mode>DESTINATION</mode>
      <enabled>true</enabled>
      <waitForPrevious>true</waitForPrevious>
    </connector>
    <connector version="3.4.2">
      <metaDataId>4</metaDataId>
      <name>Amazon S3 Image Destination</name>
      <properties class="com.mirth.connect.connectors.js.JavaScriptDispatcherProperties" version="3.4.2">
        <pluginProperties/>
        <destinationConnectorProperties version="3.4.2">
          <queueEnabled>false</queueEnabled>
          <sendFirst>false</sendFirst>
          <retryIntervalMillis>10000</retryIntervalMillis>
          <regenerateTemplate>false</regenerateTemplate>
          <retryCount>0</retryCount>
          <rotate>false</rotate>
          <includeFilterTransformer>false</includeFilterTransformer>
          <threadCount>1</threadCount>
          <threadAssignmentVariable></threadAssignmentVariable>
          <validateResponse>false</validateResponse>
          <resourceIds class="linked-hash-map">
            <entry>
              <string>Default Resource</string>
              <string>[Default Resource]</string>
            </entry>
            <entry>
              <string>796ea40c-02b0-4f6d-b1ef-d6f9fae09fc8</string>
              <string>AWS Resources</string>
            </entry>
            <entry>
              <string>2f02969e-d5fa-4182-880a-19f316ba9faf</string>
              <string>DICOM Resources</string>
            </entry>
          </resourceIds>
          <queueBufferSize>1000</queueBufferSize>
        </destinationConnectorProperties>
        <script>//AWS S3 Image Put
var awsObj = new Packages.org.mirth.project.MCAWS();

//set s3 bucket name from central configuration
var s3Bucket = configurationMap.get(&apos;s3BucketName&apos;);

//source transform data
var imgSrcFileName = channelMap.get(&quot;awsS3FileName&quot;);
var imgSource = &quot;/mirth/app/dicom/output/&quot;+imgSrcFileName;

logger.info(&quot;Copying to S3: &quot;+imgSource+&quot; as &quot;+imgSrcFileName);

awsObj.putImageS3(s3Bucket,imgSrcFileName, imgSource);

channelMap.put(&quot;DicomS3FileName&quot;, imgSrcFileName);</script>
      </properties>
      <transformer version="3.4.2">
        <steps/>
        <inboundDataType>DICOM</inboundDataType>
        <outboundDataType>DICOM</outboundDataType>
        <inboundProperties class="com.mirth.connect.plugins.datatypes.dicom.DICOMDataTypeProperties" version="3.4.2"/>
        <outboundProperties class="com.mirth.connect.plugins.datatypes.dicom.DICOMDataTypeProperties" version="3.4.2"/>
      </transformer>
      <responseTransformer version="3.4.2">
        <steps/>
        <inboundDataType>DICOM</inboundDataType>
        <outboundDataType>DICOM</outboundDataType>
        <inboundProperties class="com.mirth.connect.plugins.datatypes.dicom.DICOMDataTypeProperties" version="3.4.2"/>
        <outboundProperties class="com.mirth.connect.plugins.datatypes.dicom.DICOMDataTypeProperties" version="3.4.2"/>
      </responseTransformer>
      <filter version="3.4.2">
        <rules/>
      </filter>
      <transportName>JavaScript Writer</transportName>
      <mode>DESTINATION</mode>
      <enabled>true</enabled>
      <waitForPrevious>true</waitForPrevious>
    </connector>
    <connector version="3.4.2">
      <metaDataId>5</metaDataId>
      <name>Dicom Image Data to RDS</name>
      <properties class="com.mirth.connect.connectors.jdbc.DatabaseDispatcherProperties" version="3.4.2">
        <pluginProperties/>
        <destinationConnectorProperties version="3.4.2">
          <queueEnabled>false</queueEnabled>
          <sendFirst>false</sendFirst>
          <retryIntervalMillis>10000</retryIntervalMillis>
          <regenerateTemplate>false</regenerateTemplate>
          <retryCount>0</retryCount>
          <rotate>false</rotate>
          <includeFilterTransformer>false</includeFilterTransformer>
          <threadCount>1</threadCount>
          <threadAssignmentVariable></threadAssignmentVariable>
          <validateResponse>false</validateResponse>
          <resourceIds class="linked-hash-map">
            <entry>
              <string>Default Resource</string>
              <string>[Default Resource]</string>
            </entry>
          </resourceIds>
          <queueBufferSize>1000</queueBufferSize>
        </destinationConnectorProperties>
        <driver>com.mysql.jdbc.Driver</driver>
        <url>jdbc:mysql://hostname:3306/database</url>
        <username>username</username>
        <password>password</password>
        <query>var dbConn;

try {
        var imgSrcFileName = channelMap.get(&quot;awsS3FileName&quot;);
        var awsFileId = channelMap.get(&quot;awsFileId&quot;);
        dbConn = DatabaseConnectionFactory.createDatabaseConnection(&apos;com.mysql.jdbc.Driver&apos;,&apos;jdbc:mysql://hostname:3306/database&apos;,&apos;username&apos;,&apos;password&apos;);

        var result = dbConn.executeUpdate(&quot;INSERT INTO AWS_FILE_MAP (date_submitted,file_type, file_name, aws_file_id) VALUES (NOW(),&apos;dicom-img&apos;, &apos;&quot;+imgSrcFileName+&quot;&apos;, &apos;&quot;+awsFileId+&quot;&apos;)&quot;);

} finally {
        if (dbConn) {
                dbConn.close();
        }
}</query>
        <useScript>true</useScript>
      </properties>
      <transformer version="3.4.2">
        <steps/>
        <inboundDataType>DICOM</inboundDataType>
        <outboundDataType>DICOM</outboundDataType>
        <inboundProperties class="com.mirth.connect.plugins.datatypes.dicom.DICOMDataTypeProperties" version="3.4.2"/>
        <outboundProperties class="com.mirth.connect.plugins.datatypes.dicom.DICOMDataTypeProperties" version="3.4.2"/>
      </transformer>
      <responseTransformer version="3.4.2">
        <steps/>
        <inboundDataType>DICOM</inboundDataType>
        <outboundDataType>DICOM</outboundDataType>
        <inboundProperties class="com.mirth.connect.plugins.datatypes.dicom.DICOMDataTypeProperties" version="3.4.2"/>
        <outboundProperties class="com.mirth.connect.plugins.datatypes.dicom.DICOMDataTypeProperties" version="3.4.2"/>
      </responseTransformer>
      <filter version="3.4.2">
        <rules/>
      </filter>
      <transportName>Database Writer</transportName>
      <mode>DESTINATION</mode>
      <enabled>true</enabled>
      <waitForPrevious>true</waitForPrevious>
    </connector>
  </destinationConnectors>
  <preprocessingScript>// Modify the message variable below to pre process data
return message;</preprocessingScript>
  <postprocessingScript>// This script executes once after a message has been processed
// Responses returned from here will be stored as &quot;Postprocessor&quot; in the response map
return;</postprocessingScript>
  <deployScript>// This script executes once when the channel is deployed
// You only have access to the globalMap and globalChannelMap here to persist data
return;</deployScript>
  <undeployScript>// This script executes once when the channel is undeployed
// You only have access to the globalMap and globalChannelMap here to persist data
return;</undeployScript>
  <properties version="3.4.2">
    <clearGlobalChannelMap>true</clearGlobalChannelMap>
    <messageStorageMode>DEVELOPMENT</messageStorageMode>
    <encryptData>false</encryptData>
    <removeContentOnCompletion>false</removeContentOnCompletion>
    <removeOnlyFilteredOnCompletion>false</removeOnlyFilteredOnCompletion>
    <removeAttachmentsOnCompletion>false</removeAttachmentsOnCompletion>
    <initialState>STARTED</initialState>
    <storeAttachments>true</storeAttachments>
    <tags class="linked-hash-set"/>
    <metaDataColumns>
      <metaDataColumn>
        <name>SOURCE</name>
        <type>STRING</type>
        <mappingName>mirth_source</mappingName>
      </metaDataColumn>
      <metaDataColumn>
        <name>TYPE</name>
        <type>STRING</type>
        <mappingName>mirth_type</mappingName>
      </metaDataColumn>
    </metaDataColumns>
    <attachmentProperties version="3.4.2">
      <className>com.mirth.connect.server.attachments.dicom.DICOMAttachmentHandlerProvider</className>
      <type>DICOM</type>
      <properties/>
    </attachmentProperties>
    <archiveEnabled>true</archiveEnabled>
    <resourceIds class="linked-hash-map">
      <entry>
        <string>Default Resource</string>
        <string>[Default Resource]</string>
      </entry>
      <entry>
        <string>2f02969e-d5fa-4182-880a-19f316ba9faf</string>
        <string>DICOM Resources</string>
      </entry>
      <entry>
        <string>796ea40c-02b0-4f6d-b1ef-d6f9fae09fc8</string>
        <string>AWS Resources</string>
      </entry>
    </resourceIds>
  </properties>
  <codeTemplateLibraries/>
</channel>
