<channel version="3.4.2">
  <id>a2f09b6e-4eab-4b3c-a74f-b9bc76be351e</id>
  <nextMetaDataId>8</nextMetaDataId>
  <name>DICOM-Pull</name>
  <description></description>
  <enabled>true</enabled>
  <lastModified>
    <time>1481847744136</time>
    <timezone>America/Los_Angeles</timezone>
  </lastModified>
  <revision>62</revision>
  <sourceConnector version="3.4.2">
    <metaDataId>0</metaDataId>
    <name>sourceConnector</name>
    <properties class="com.mirth.connect.connectors.file.FileReceiverProperties" version="3.4.2">
      <pluginProperties/>
      <pollConnectorProperties version="3.4.2">
        <pollingType>INTERVAL</pollingType>
        <pollOnStart>false</pollOnStart>
        <pollingFrequency>5000</pollingFrequency>
        <pollingHour>0</pollingHour>
        <pollingMinute>0</pollingMinute>
        <cronJobs/>
        <pollConnectorPropertiesAdvanced>
          <weekly>true</weekly>
          <inactiveDays>
            <boolean>false</boolean>
            <boolean>false</boolean>
            <boolean>false</boolean>
            <boolean>false</boolean>
            <boolean>false</boolean>
            <boolean>false</boolean>
            <boolean>false</boolean>
            <boolean>false</boolean>
          </inactiveDays>
          <dayOfMonth>1</dayOfMonth>
          <allDay>true</allDay>
          <startingHour>8</startingHour>
          <startingMinute>0</startingMinute>
          <endingHour>17</endingHour>
          <endingMinute>0</endingMinute>
        </pollConnectorPropertiesAdvanced>
      </pollConnectorProperties>
      <sourceConnectorProperties version="3.4.2">
        <responseVariable>Auto-generate (After source transformer)</responseVariable>
        <respondAfterProcessing>true</respondAfterProcessing>
        <processBatch>false</processBatch>
        <firstResponse>false</firstResponse>
        <processingThreads>1</processingThreads>
        <resourceIds class="linked-hash-map">
          <entry>
            <string>Default Resource</string>
            <string>[Default Resource]</string>
          </entry>
          <entry>
            <string>2f02969e-d5fa-4182-880a-19f316ba9faf</string>
            <string>DICOM Resources</string>
          </entry>
        </resourceIds>
        <queueBufferSize>1000</queueBufferSize>
      </sourceConnectorProperties>
      <scheme>FILE</scheme>
      <host>/mirth/app/dicom/input</host>
      <fileFilter>*</fileFilter>
      <regex>false</regex>
      <directoryRecursion>false</directoryRecursion>
      <ignoreDot>true</ignoreDot>
      <anonymous>true</anonymous>
      <username>anonymous</username>
      <password>anonymous</password>
      <timeout>10000</timeout>
      <secure>true</secure>
      <passive>true</passive>
      <validateConnection>true</validateConnection>
      <afterProcessingAction>DELETE</afterProcessingAction>
      <moveToDirectory></moveToDirectory>
      <moveToFileName></moveToFileName>
      <errorReadingAction>NONE</errorReadingAction>
      <errorResponseAction>AFTER_PROCESSING</errorResponseAction>
      <errorMoveToDirectory></errorMoveToDirectory>
      <errorMoveToFileName></errorMoveToFileName>
      <checkFileAge>false</checkFileAge>
      <fileAge>1000</fileAge>
      <fileSizeMinimum>0</fileSizeMinimum>
      <fileSizeMaximum></fileSizeMaximum>
      <ignoreFileSizeMaximum>true</ignoreFileSizeMaximum>
      <sortBy>date</sortBy>
      <binary>true</binary>
      <charsetEncoding>DEFAULT_ENCODING</charsetEncoding>
    </properties>
    <transformer version="3.4.2">
      <steps/>
      <inboundTemplate encoding="base64"></inboundTemplate>
      <outboundTemplate encoding="base64"></outboundTemplate>
      <inboundDataType>DICOM</inboundDataType>
      <outboundDataType>RAW</outboundDataType>
      <inboundProperties class="com.mirth.connect.plugins.datatypes.dicom.DICOMDataTypeProperties" version="3.4.2"/>
      <outboundProperties class="com.mirth.connect.plugins.datatypes.raw.RawDataTypeProperties" version="3.4.2">
        <batchProperties class="com.mirth.connect.plugins.datatypes.raw.RawBatchProperties" version="3.4.2">
          <splitType>JavaScript</splitType>
          <batchScript></batchScript>
        </batchProperties>
      </outboundProperties>
    </transformer>
    <filter version="3.4.2">
      <rules/>
    </filter>
    <transportName>File Reader</transportName>
    <mode>SOURCE</mode>
    <enabled>true</enabled>
    <waitForPrevious>true</waitForPrevious>
  </sourceConnector>
  <destinationConnectors>
    <connector version="3.4.2">
      <metaDataId>1</metaDataId>
      <name>Destination Channel Write to JSON</name>
      <properties class="com.mirth.connect.connectors.vm.VmDispatcherProperties" version="3.4.2">
        <pluginProperties/>
        <destinationConnectorProperties version="3.4.2">
          <queueEnabled>false</queueEnabled>
          <sendFirst>false</sendFirst>
          <retryIntervalMillis>10000</retryIntervalMillis>
          <regenerateTemplate>false</regenerateTemplate>
          <retryCount>0</retryCount>
          <rotate>false</rotate>
          <includeFilterTransformer>false</includeFilterTransformer>
          <threadCount>1</threadCount>
          <threadAssignmentVariable></threadAssignmentVariable>
          <validateResponse>false</validateResponse>
          <resourceIds class="linked-hash-map">
            <entry>
              <string>Default Resource</string>
              <string>[Default Resource]</string>
            </entry>
            <entry>
              <string>2f02969e-d5fa-4182-880a-19f316ba9faf</string>
              <string>DICOM Resources</string>
            </entry>
          </resourceIds>
          <queueBufferSize>1000</queueBufferSize>
        </destinationConnectorProperties>
        <channelId>49f9ef42-307c-40fe-b32b-58776a102088</channelId>
        <channelTemplate>${message.rawData}</channelTemplate>
        <mapVariables/>
      </properties>
      <transformer version="3.4.2">
        <steps/>
        <inboundTemplate encoding="base64"></inboundTemplate>
        <outboundTemplate encoding="base64"></outboundTemplate>
        <inboundDataType>RAW</inboundDataType>
        <outboundDataType>RAW</outboundDataType>
        <inboundProperties class="com.mirth.connect.plugins.datatypes.raw.RawDataTypeProperties" version="3.4.2">
          <batchProperties class="com.mirth.connect.plugins.datatypes.raw.RawBatchProperties" version="3.4.2">
            <splitType>JavaScript</splitType>
            <batchScript></batchScript>
          </batchProperties>
        </inboundProperties>
        <outboundProperties class="com.mirth.connect.plugins.datatypes.raw.RawDataTypeProperties" version="3.4.2">
          <batchProperties class="com.mirth.connect.plugins.datatypes.raw.RawBatchProperties" version="3.4.2">
            <splitType>JavaScript</splitType>
            <batchScript></batchScript>
          </batchProperties>
        </outboundProperties>
      </transformer>
      <responseTransformer version="3.4.2">
        <steps/>
        <inboundDataType>RAW</inboundDataType>
        <outboundDataType>RAW</outboundDataType>
        <inboundProperties class="com.mirth.connect.plugins.datatypes.raw.RawDataTypeProperties" version="3.4.2">
          <batchProperties class="com.mirth.connect.plugins.datatypes.raw.RawBatchProperties" version="3.4.2">
            <splitType>JavaScript</splitType>
            <batchScript></batchScript>
          </batchProperties>
        </inboundProperties>
        <outboundProperties class="com.mirth.connect.plugins.datatypes.raw.RawDataTypeProperties" version="3.4.2">
          <batchProperties class="com.mirth.connect.plugins.datatypes.raw.RawBatchProperties" version="3.4.2">
            <splitType>JavaScript</splitType>
            <batchScript></batchScript>
          </batchProperties>
        </outboundProperties>
      </responseTransformer>
      <filter version="3.4.2">
        <rules/>
      </filter>
      <transportName>Channel Writer</transportName>
      <mode>DESTINATION</mode>
      <enabled>true</enabled>
      <waitForPrevious>true</waitForPrevious>
    </connector>
    <connector version="3.4.2">
      <metaDataId>7</metaDataId>
      <name>Image Destination</name>
      <properties class="com.mirth.connect.connectors.dimse.DICOMDispatcherProperties" version="3.4.2">
        <pluginProperties/>
        <destinationConnectorProperties version="3.4.2">
          <queueEnabled>false</queueEnabled>
          <sendFirst>false</sendFirst>
          <retryIntervalMillis>10000</retryIntervalMillis>
          <regenerateTemplate>false</regenerateTemplate>
          <retryCount>0</retryCount>
          <rotate>false</rotate>
          <includeFilterTransformer>false</includeFilterTransformer>
          <threadCount>1</threadCount>
          <threadAssignmentVariable></threadAssignmentVariable>
          <validateResponse>false</validateResponse>
          <resourceIds class="linked-hash-map">
            <entry>
              <string>Default Resource</string>
              <string>[Default Resource]</string>
            </entry>
          </resourceIds>
          <queueBufferSize>1000</queueBufferSize>
        </destinationConnectorProperties>
        <host>127.0.0.1</host>
        <port>104</port>
        <applicationEntity></applicationEntity>
        <localHost></localHost>
        <localPort></localPort>
        <localApplicationEntity></localApplicationEntity>
        <template>${DICOMMESSAGE}</template>
        <acceptTo>5000</acceptTo>
        <async>0</async>
        <bufSize>1</bufSize>
        <connectTo>0</connectTo>
        <priority>med</priority>
        <passcode></passcode>
        <pdv1>false</pdv1>
        <rcvpdulen>16</rcvpdulen>
        <reaper>10</reaper>
        <releaseTo>5</releaseTo>
        <rspTo>60</rspTo>
        <shutdownDelay>1000</shutdownDelay>
        <sndpdulen>16</sndpdulen>
        <soCloseDelay>50</soCloseDelay>
        <sorcvbuf>0</sorcvbuf>
        <sosndbuf>0</sosndbuf>
        <stgcmt>false</stgcmt>
        <tcpDelay>true</tcpDelay>
        <ts1>false</ts1>
        <uidnegrsp>false</uidnegrsp>
        <username></username>
        <keyPW></keyPW>
        <keyStore></keyStore>
        <keyStorePW></keyStorePW>
        <noClientAuth>true</noClientAuth>
        <nossl2>true</nossl2>
        <tls>notls</tls>
        <trustStore></trustStore>
        <trustStorePW></trustStorePW>
      </properties>
      <transformer version="3.4.2">
        <steps/>
        <inboundDataType>RAW</inboundDataType>
        <outboundDataType>DICOM</outboundDataType>
        <inboundProperties class="com.mirth.connect.plugins.datatypes.raw.RawDataTypeProperties" version="3.4.2">
          <batchProperties class="com.mirth.connect.plugins.datatypes.raw.RawBatchProperties" version="3.4.2">
            <splitType>JavaScript</splitType>
            <batchScript></batchScript>
          </batchProperties>
        </inboundProperties>
        <outboundProperties class="com.mirth.connect.plugins.datatypes.dicom.DICOMDataTypeProperties" version="3.4.2"/>
      </transformer>
      <responseTransformer version="3.4.2">
        <steps/>
        <inboundDataType>DICOM</inboundDataType>
        <outboundDataType>DICOM</outboundDataType>
        <inboundProperties class="com.mirth.connect.plugins.datatypes.dicom.DICOMDataTypeProperties" version="3.4.2"/>
        <outboundProperties class="com.mirth.connect.plugins.datatypes.dicom.DICOMDataTypeProperties" version="3.4.2"/>
      </responseTransformer>
      <filter version="3.4.2">
        <rules/>
      </filter>
      <transportName>DICOM Sender</transportName>
      <mode>DESTINATION</mode>
      <enabled>true</enabled>
      <waitForPrevious>true</waitForPrevious>
    </connector>
  </destinationConnectors>
  <preprocessingScript>// Modify the message variable below to pre process data
return message;</preprocessingScript>
  <postprocessingScript>// This script executes once after a message has been processed
// Responses returned from here will be stored as &quot;Postprocessor&quot; in the response map
return;</postprocessingScript>
  <deployScript>// This script executes once when the channel is deployed
// You only have access to the globalMap and globalChannelMap here to persist data
return;</deployScript>
  <undeployScript>// This script executes once when the channel is undeployed
// You only have access to the globalMap and globalChannelMap here to persist data
return;</undeployScript>
  <properties version="3.4.2">
    <clearGlobalChannelMap>true</clearGlobalChannelMap>
    <messageStorageMode>DEVELOPMENT</messageStorageMode>
    <encryptData>false</encryptData>
    <removeContentOnCompletion>false</removeContentOnCompletion>
    <removeOnlyFilteredOnCompletion>false</removeOnlyFilteredOnCompletion>
    <removeAttachmentsOnCompletion>false</removeAttachmentsOnCompletion>
    <initialState>STARTED</initialState>
    <storeAttachments>true</storeAttachments>
    <tags class="linked-hash-set"/>
    <metaDataColumns>
      <metaDataColumn>
        <name>SOURCE</name>
        <type>STRING</type>
        <mappingName>mirth_source</mappingName>
      </metaDataColumn>
      <metaDataColumn>
        <name>TYPE</name>
        <type>STRING</type>
        <mappingName>mirth_type</mappingName>
      </metaDataColumn>
    </metaDataColumns>
    <attachmentProperties version="3.4.2">
      <className>com.mirth.connect.server.attachments.dicom.DICOMAttachmentHandlerProvider</className>
      <type>DICOM</type>
      <properties/>
    </attachmentProperties>
    <archiveEnabled>true</archiveEnabled>
    <resourceIds class="linked-hash-map">
      <entry>
        <string>Default Resource</string>
        <string>[Default Resource]</string>
      </entry>
      <entry>
        <string>2f02969e-d5fa-4182-880a-19f316ba9faf</string>
        <string>DICOM Resources</string>
      </entry>
    </resourceIds>
  </properties>
  <codeTemplateLibraries/>
</channel>