<channel version="3.4.2">
  <id>d802f75a-3b54-4daa-8bb1-69b6783640dc</id>
  <nextMetaDataId>2</nextMetaDataId>
  <name>HL7-to-DynamoDB</name>
  <description></description>
  <enabled>true</enabled>
  <lastModified>
    <time>1483122567534</time>
    <timezone>America/Los_Angeles</timezone>
  </lastModified>
  <revision>3</revision>
  <sourceConnector version="3.4.2">
    <metaDataId>0</metaDataId>
    <name>sourceConnector</name>
    <properties class="com.mirth.connect.connectors.vm.VmReceiverProperties" version="3.4.2">
      <pluginProperties/>
      <sourceConnectorProperties version="3.4.2">
        <responseVariable>None</responseVariable>
        <respondAfterProcessing>true</respondAfterProcessing>
        <processBatch>false</processBatch>
        <firstResponse>false</firstResponse>
        <processingThreads>1</processingThreads>
        <resourceIds class="linked-hash-map">
          <entry>
            <string>Default Resource</string>
            <string>[Default Resource]</string>
          </entry>
          <entry>
            <string>796ea40c-02b0-4f6d-b1ef-d6f9fae09fc8</string>
            <string>AWS Resources</string>
          </entry>
        </resourceIds>
        <queueBufferSize>1000</queueBufferSize>
      </sourceConnectorProperties>
    </properties>
    <transformer version="3.4.2">
      <steps/>
      <inboundDataType>HL7V2</inboundDataType>
      <outboundDataType>HL7V2</outboundDataType>
      <inboundProperties class="com.mirth.connect.plugins.datatypes.hl7v2.HL7v2DataTypeProperties" version="3.4.2">
        <serializationProperties class="com.mirth.connect.plugins.datatypes.hl7v2.HL7v2SerializationProperties" version="3.4.2">
          <handleRepetitions>true</handleRepetitions>
          <handleSubcomponents>true</handleSubcomponents>
          <useStrictParser>false</useStrictParser>
          <useStrictValidation>false</useStrictValidation>
          <stripNamespaces>true</stripNamespaces>
          <segmentDelimiter>\r</segmentDelimiter>
          <convertLineBreaks>true</convertLineBreaks>
        </serializationProperties>
        <deserializationProperties class="com.mirth.connect.plugins.datatypes.hl7v2.HL7v2DeserializationProperties" version="3.4.2">
          <useStrictParser>false</useStrictParser>
          <useStrictValidation>false</useStrictValidation>
          <segmentDelimiter>\r</segmentDelimiter>
        </deserializationProperties>
        <batchProperties class="com.mirth.connect.plugins.datatypes.hl7v2.HL7v2BatchProperties" version="3.4.2">
          <splitType>MSH_Segment</splitType>
          <batchScript></batchScript>
        </batchProperties>
        <responseGenerationProperties class="com.mirth.connect.plugins.datatypes.hl7v2.HL7v2ResponseGenerationProperties" version="3.4.2">
          <segmentDelimiter>\r</segmentDelimiter>
          <successfulACKCode>AA</successfulACKCode>
          <successfulACKMessage></successfulACKMessage>
          <errorACKCode>AE</errorACKCode>
          <errorACKMessage>An Error Occurred Processing Message.</errorACKMessage>
          <rejectedACKCode>AR</rejectedACKCode>
          <rejectedACKMessage>Message Rejected.</rejectedACKMessage>
          <msh15ACKAccept>false</msh15ACKAccept>
          <dateFormat>yyyyMMddHHmmss.SSS</dateFormat>
        </responseGenerationProperties>
        <responseValidationProperties class="com.mirth.connect.plugins.datatypes.hl7v2.HL7v2ResponseValidationProperties" version="3.4.2">
          <successfulACKCode>AA,CA</successfulACKCode>
          <errorACKCode>AE,CE</errorACKCode>
          <rejectedACKCode>AR,CR</rejectedACKCode>
          <validateMessageControlId>true</validateMessageControlId>
          <originalMessageControlId>Destination_Encoded</originalMessageControlId>
          <originalIdMapVariable></originalIdMapVariable>
        </responseValidationProperties>
      </inboundProperties>
      <outboundProperties class="com.mirth.connect.plugins.datatypes.hl7v2.HL7v2DataTypeProperties" version="3.4.2">
        <serializationProperties class="com.mirth.connect.plugins.datatypes.hl7v2.HL7v2SerializationProperties" version="3.4.2">
          <handleRepetitions>true</handleRepetitions>
          <handleSubcomponents>true</handleSubcomponents>
          <useStrictParser>false</useStrictParser>
          <useStrictValidation>false</useStrictValidation>
          <stripNamespaces>true</stripNamespaces>
          <segmentDelimiter>\r</segmentDelimiter>
          <convertLineBreaks>true</convertLineBreaks>
        </serializationProperties>
        <deserializationProperties class="com.mirth.connect.plugins.datatypes.hl7v2.HL7v2DeserializationProperties" version="3.4.2">
          <useStrictParser>false</useStrictParser>
          <useStrictValidation>false</useStrictValidation>
          <segmentDelimiter>\r</segmentDelimiter>
        </deserializationProperties>
        <batchProperties class="com.mirth.connect.plugins.datatypes.hl7v2.HL7v2BatchProperties" version="3.4.2">
          <splitType>MSH_Segment</splitType>
          <batchScript></batchScript>
        </batchProperties>
        <responseGenerationProperties class="com.mirth.connect.plugins.datatypes.hl7v2.HL7v2ResponseGenerationProperties" version="3.4.2">
          <segmentDelimiter>\r</segmentDelimiter>
          <successfulACKCode>AA</successfulACKCode>
          <successfulACKMessage></successfulACKMessage>
          <errorACKCode>AE</errorACKCode>
          <errorACKMessage>An Error Occurred Processing Message.</errorACKMessage>
          <rejectedACKCode>AR</rejectedACKCode>
          <rejectedACKMessage>Message Rejected.</rejectedACKMessage>
          <msh15ACKAccept>false</msh15ACKAccept>
          <dateFormat>yyyyMMddHHmmss.SSS</dateFormat>
        </responseGenerationProperties>
        <responseValidationProperties class="com.mirth.connect.plugins.datatypes.hl7v2.HL7v2ResponseValidationProperties" version="3.4.2">
          <successfulACKCode>AA,CA</successfulACKCode>
          <errorACKCode>AE,CE</errorACKCode>
          <rejectedACKCode>AR,CR</rejectedACKCode>
          <validateMessageControlId>true</validateMessageControlId>
          <originalMessageControlId>Destination_Encoded</originalMessageControlId>
          <originalIdMapVariable></originalIdMapVariable>
        </responseValidationProperties>
      </outboundProperties>
    </transformer>
    <filter version="3.4.2">
      <rules/>
    </filter>
    <transportName>Channel Reader</transportName>
    <mode>SOURCE</mode>
    <enabled>true</enabled>
    <waitForPrevious>true</waitForPrevious>
  </sourceConnector>
  <destinationConnectors>
    <connector version="3.4.2">
      <metaDataId>1</metaDataId>
      <name>HL7-to-DynamoDB</name>
      <properties class="com.mirth.connect.connectors.js.JavaScriptDispatcherProperties" version="3.4.2">
        <pluginProperties/>
        <destinationConnectorProperties version="3.4.2">
          <queueEnabled>false</queueEnabled>
          <sendFirst>false</sendFirst>
          <retryIntervalMillis>10000</retryIntervalMillis>
          <regenerateTemplate>false</regenerateTemplate>
          <retryCount>0</retryCount>
          <rotate>false</rotate>
          <includeFilterTransformer>false</includeFilterTransformer>
          <threadCount>1</threadCount>
          <threadAssignmentVariable></threadAssignmentVariable>
          <validateResponse>false</validateResponse>
          <resourceIds class="linked-hash-map">
            <entry>
              <string>Default Resource</string>
              <string>[Default Resource]</string>
            </entry>
            <entry>
              <string>796ea40c-02b0-4f6d-b1ef-d6f9fae09fc8</string>
              <string>AWS Resources</string>
            </entry>
          </resourceIds>
          <queueBufferSize>1000</queueBufferSize>
        </destinationConnectorProperties>
        <script>var hl7Json = connectorMessage.getRawData();

logger.info(&quot;HL7 JSON Data: &quot;+hl7Json);

var uuid = UUIDGenerator.getUUID();
channelMap.put(&quot;awsHL7MapId&quot;, uuid);

var currentDate = DateUtil.getCurrentDate(&quot;MM-dd-yyyy-HH-mm&quot;);

//loading DynamoDB java code
var awsObj = new Packages.org.mirth.project.MCAWS();

//perform insert into DynamoDB
awsObj.dynamoInsertHl7Json(hl7Json, &quot;mirthdata&quot;, uuid, currentDate)</script>
      </properties>
      <transformer version="3.4.2">
        <steps/>
        <inboundDataType>HL7V2</inboundDataType>
        <outboundDataType>HL7V2</outboundDataType>
        <inboundProperties class="com.mirth.connect.plugins.datatypes.hl7v2.HL7v2DataTypeProperties" version="3.4.2">
          <serializationProperties class="com.mirth.connect.plugins.datatypes.hl7v2.HL7v2SerializationProperties" version="3.4.2">
            <handleRepetitions>true</handleRepetitions>
            <handleSubcomponents>true</handleSubcomponents>
            <useStrictParser>false</useStrictParser>
            <useStrictValidation>false</useStrictValidation>
            <stripNamespaces>true</stripNamespaces>
            <segmentDelimiter>\r</segmentDelimiter>
            <convertLineBreaks>true</convertLineBreaks>
          </serializationProperties>
          <deserializationProperties class="com.mirth.connect.plugins.datatypes.hl7v2.HL7v2DeserializationProperties" version="3.4.2">
            <useStrictParser>false</useStrictParser>
            <useStrictValidation>false</useStrictValidation>
            <segmentDelimiter>\r</segmentDelimiter>
          </deserializationProperties>
          <batchProperties class="com.mirth.connect.plugins.datatypes.hl7v2.HL7v2BatchProperties" version="3.4.2">
            <splitType>MSH_Segment</splitType>
            <batchScript></batchScript>
          </batchProperties>
          <responseGenerationProperties class="com.mirth.connect.plugins.datatypes.hl7v2.HL7v2ResponseGenerationProperties" version="3.4.2">
            <segmentDelimiter>\r</segmentDelimiter>
            <successfulACKCode>AA</successfulACKCode>
            <successfulACKMessage></successfulACKMessage>
            <errorACKCode>AE</errorACKCode>
            <errorACKMessage>An Error Occurred Processing Message.</errorACKMessage>
            <rejectedACKCode>AR</rejectedACKCode>
            <rejectedACKMessage>Message Rejected.</rejectedACKMessage>
            <msh15ACKAccept>false</msh15ACKAccept>
            <dateFormat>yyyyMMddHHmmss.SSS</dateFormat>
          </responseGenerationProperties>
          <responseValidationProperties class="com.mirth.connect.plugins.datatypes.hl7v2.HL7v2ResponseValidationProperties" version="3.4.2">
            <successfulACKCode>AA,CA</successfulACKCode>
            <errorACKCode>AE,CE</errorACKCode>
            <rejectedACKCode>AR,CR</rejectedACKCode>
            <validateMessageControlId>true</validateMessageControlId>
            <originalMessageControlId>Destination_Encoded</originalMessageControlId>
            <originalIdMapVariable></originalIdMapVariable>
          </responseValidationProperties>
        </inboundProperties>
        <outboundProperties class="com.mirth.connect.plugins.datatypes.hl7v2.HL7v2DataTypeProperties" version="3.4.2">
          <serializationProperties class="com.mirth.connect.plugins.datatypes.hl7v2.HL7v2SerializationProperties" version="3.4.2">
            <handleRepetitions>true</handleRepetitions>
            <handleSubcomponents>true</handleSubcomponents>
            <useStrictParser>false</useStrictParser>
            <useStrictValidation>false</useStrictValidation>
            <stripNamespaces>true</stripNamespaces>
            <segmentDelimiter>\r</segmentDelimiter>
            <convertLineBreaks>true</convertLineBreaks>
          </serializationProperties>
          <deserializationProperties class="com.mirth.connect.plugins.datatypes.hl7v2.HL7v2DeserializationProperties" version="3.4.2">
            <useStrictParser>false</useStrictParser>
            <useStrictValidation>false</useStrictValidation>
            <segmentDelimiter>\r</segmentDelimiter>
          </deserializationProperties>
          <batchProperties class="com.mirth.connect.plugins.datatypes.hl7v2.HL7v2BatchProperties" version="3.4.2">
            <splitType>MSH_Segment</splitType>
            <batchScript></batchScript>
          </batchProperties>
          <responseGenerationProperties class="com.mirth.connect.plugins.datatypes.hl7v2.HL7v2ResponseGenerationProperties" version="3.4.2">
            <segmentDelimiter>\r</segmentDelimiter>
            <successfulACKCode>AA</successfulACKCode>
            <successfulACKMessage></successfulACKMessage>
            <errorACKCode>AE</errorACKCode>
            <errorACKMessage>An Error Occurred Processing Message.</errorACKMessage>
            <rejectedACKCode>AR</rejectedACKCode>
            <rejectedACKMessage>Message Rejected.</rejectedACKMessage>
            <msh15ACKAccept>false</msh15ACKAccept>
            <dateFormat>yyyyMMddHHmmss.SSS</dateFormat>
          </responseGenerationProperties>
          <responseValidationProperties class="com.mirth.connect.plugins.datatypes.hl7v2.HL7v2ResponseValidationProperties" version="3.4.2">
            <successfulACKCode>AA,CA</successfulACKCode>
            <errorACKCode>AE,CE</errorACKCode>
            <rejectedACKCode>AR,CR</rejectedACKCode>
            <validateMessageControlId>true</validateMessageControlId>
            <originalMessageControlId>Destination_Encoded</originalMessageControlId>
            <originalIdMapVariable></originalIdMapVariable>
          </responseValidationProperties>
        </outboundProperties>
      </transformer>
      <responseTransformer version="3.4.2">
        <steps/>
        <inboundDataType>HL7V2</inboundDataType>
        <outboundDataType>HL7V2</outboundDataType>
        <inboundProperties class="com.mirth.connect.plugins.datatypes.hl7v2.HL7v2DataTypeProperties" version="3.4.2">
          <serializationProperties class="com.mirth.connect.plugins.datatypes.hl7v2.HL7v2SerializationProperties" version="3.4.2">
            <handleRepetitions>true</handleRepetitions>
            <handleSubcomponents>true</handleSubcomponents>
            <useStrictParser>false</useStrictParser>
            <useStrictValidation>false</useStrictValidation>
            <stripNamespaces>true</stripNamespaces>
            <segmentDelimiter>\r</segmentDelimiter>
            <convertLineBreaks>true</convertLineBreaks>
          </serializationProperties>
          <deserializationProperties class="com.mirth.connect.plugins.datatypes.hl7v2.HL7v2DeserializationProperties" version="3.4.2">
            <useStrictParser>false</useStrictParser>
            <useStrictValidation>false</useStrictValidation>
            <segmentDelimiter>\r</segmentDelimiter>
          </deserializationProperties>
          <batchProperties class="com.mirth.connect.plugins.datatypes.hl7v2.HL7v2BatchProperties" version="3.4.2">
            <splitType>MSH_Segment</splitType>
            <batchScript></batchScript>
          </batchProperties>
          <responseGenerationProperties class="com.mirth.connect.plugins.datatypes.hl7v2.HL7v2ResponseGenerationProperties" version="3.4.2">
            <segmentDelimiter>\r</segmentDelimiter>
            <successfulACKCode>AA</successfulACKCode>
            <successfulACKMessage></successfulACKMessage>
            <errorACKCode>AE</errorACKCode>
            <errorACKMessage>An Error Occurred Processing Message.</errorACKMessage>
            <rejectedACKCode>AR</rejectedACKCode>
            <rejectedACKMessage>Message Rejected.</rejectedACKMessage>
            <msh15ACKAccept>false</msh15ACKAccept>
            <dateFormat>yyyyMMddHHmmss.SSS</dateFormat>
          </responseGenerationProperties>
          <responseValidationProperties class="com.mirth.connect.plugins.datatypes.hl7v2.HL7v2ResponseValidationProperties" version="3.4.2">
            <successfulACKCode>AA,CA</successfulACKCode>
            <errorACKCode>AE,CE</errorACKCode>
            <rejectedACKCode>AR,CR</rejectedACKCode>
            <validateMessageControlId>true</validateMessageControlId>
            <originalMessageControlId>Destination_Encoded</originalMessageControlId>
            <originalIdMapVariable></originalIdMapVariable>
          </responseValidationProperties>
        </inboundProperties>
        <outboundProperties class="com.mirth.connect.plugins.datatypes.hl7v2.HL7v2DataTypeProperties" version="3.4.2">
          <serializationProperties class="com.mirth.connect.plugins.datatypes.hl7v2.HL7v2SerializationProperties" version="3.4.2">
            <handleRepetitions>true</handleRepetitions>
            <handleSubcomponents>true</handleSubcomponents>
            <useStrictParser>false</useStrictParser>
            <useStrictValidation>false</useStrictValidation>
            <stripNamespaces>true</stripNamespaces>
            <segmentDelimiter>\r</segmentDelimiter>
            <convertLineBreaks>true</convertLineBreaks>
          </serializationProperties>
          <deserializationProperties class="com.mirth.connect.plugins.datatypes.hl7v2.HL7v2DeserializationProperties" version="3.4.2">
            <useStrictParser>false</useStrictParser>
            <useStrictValidation>false</useStrictValidation>
            <segmentDelimiter>\r</segmentDelimiter>
          </deserializationProperties>
          <batchProperties class="com.mirth.connect.plugins.datatypes.hl7v2.HL7v2BatchProperties" version="3.4.2">
            <splitType>MSH_Segment</splitType>
            <batchScript></batchScript>
          </batchProperties>
          <responseGenerationProperties class="com.mirth.connect.plugins.datatypes.hl7v2.HL7v2ResponseGenerationProperties" version="3.4.2">
            <segmentDelimiter>\r</segmentDelimiter>
            <successfulACKCode>AA</successfulACKCode>
            <successfulACKMessage></successfulACKMessage>
            <errorACKCode>AE</errorACKCode>
            <errorACKMessage>An Error Occurred Processing Message.</errorACKMessage>
            <rejectedACKCode>AR</rejectedACKCode>
            <rejectedACKMessage>Message Rejected.</rejectedACKMessage>
            <msh15ACKAccept>false</msh15ACKAccept>
            <dateFormat>yyyyMMddHHmmss.SSS</dateFormat>
          </responseGenerationProperties>
          <responseValidationProperties class="com.mirth.connect.plugins.datatypes.hl7v2.HL7v2ResponseValidationProperties" version="3.4.2">
            <successfulACKCode>AA,CA</successfulACKCode>
            <errorACKCode>AE,CE</errorACKCode>
            <rejectedACKCode>AR,CR</rejectedACKCode>
            <validateMessageControlId>true</validateMessageControlId>
            <originalMessageControlId>Destination_Encoded</originalMessageControlId>
            <originalIdMapVariable></originalIdMapVariable>
          </responseValidationProperties>
        </outboundProperties>
      </responseTransformer>
      <filter version="3.4.2">
        <rules/>
      </filter>
      <transportName>JavaScript Writer</transportName>
      <mode>DESTINATION</mode>
      <enabled>true</enabled>
      <waitForPrevious>true</waitForPrevious>
    </connector>
  </destinationConnectors>
  <preprocessingScript>// Modify the message variable below to pre process data
return message;</preprocessingScript>
  <postprocessingScript>// This script executes once after a message has been processed
// Responses returned from here will be stored as &quot;Postprocessor&quot; in the response map
return;</postprocessingScript>
  <deployScript>// This script executes once when the channel is deployed
// You only have access to the globalMap and globalChannelMap here to persist data
return;</deployScript>
  <undeployScript>// This script executes once when the channel is undeployed
// You only have access to the globalMap and globalChannelMap here to persist data
return;</undeployScript>
  <properties version="3.4.2">
    <clearGlobalChannelMap>true</clearGlobalChannelMap>
    <messageStorageMode>DEVELOPMENT</messageStorageMode>
    <encryptData>false</encryptData>
    <removeContentOnCompletion>false</removeContentOnCompletion>
    <removeOnlyFilteredOnCompletion>false</removeOnlyFilteredOnCompletion>
    <removeAttachmentsOnCompletion>false</removeAttachmentsOnCompletion>
    <initialState>STARTED</initialState>
    <storeAttachments>false</storeAttachments>
    <tags class="linked-hash-set"/>
    <metaDataColumns>
      <metaDataColumn>
        <name>SOURCE</name>
        <type>STRING</type>
        <mappingName>mirth_source</mappingName>
      </metaDataColumn>
      <metaDataColumn>
        <name>TYPE</name>
        <type>STRING</type>
        <mappingName>mirth_type</mappingName>
      </metaDataColumn>
    </metaDataColumns>
    <attachmentProperties version="3.4.2">
      <type>None</type>
      <properties/>
    </attachmentProperties>
    <archiveEnabled>true</archiveEnabled>
    <resourceIds class="linked-hash-map">
      <entry>
        <string>Default Resource</string>
        <string>[Default Resource]</string>
      </entry>
      <entry>
        <string>796ea40c-02b0-4f6d-b1ef-d6f9fae09fc8</string>
        <string>AWS Resources</string>
      </entry>
    </resourceIds>
  </properties>
  <codeTemplateLibraries/>
</channel>