<channel version="3.4.2">
  <id>b0ca0896-abcb-48f1-bff2-452dd42f58d4</id>
  <nextMetaDataId>5</nextMetaDataId>
  <name>HL7-Inbound</name>
  <description></description>
  <enabled>true</enabled>
  <lastModified>
    <time>1483122475477</time>
    <timezone>America/Los_Angeles</timezone>
  </lastModified>
  <revision>18</revision>
  <sourceConnector version="3.4.2">
    <metaDataId>0</metaDataId>
    <name>sourceConnector</name>
    <properties class="com.mirth.connect.connectors.file.FileReceiverProperties" version="3.4.2">
      <pluginProperties/>
      <pollConnectorProperties version="3.4.2">
        <pollingType>INTERVAL</pollingType>
        <pollOnStart>false</pollOnStart>
        <pollingFrequency>5000</pollingFrequency>
        <pollingHour>0</pollingHour>
        <pollingMinute>0</pollingMinute>
        <cronJobs/>
        <pollConnectorPropertiesAdvanced>
          <weekly>true</weekly>
          <inactiveDays>
            <boolean>false</boolean>
            <boolean>false</boolean>
            <boolean>false</boolean>
            <boolean>false</boolean>
            <boolean>false</boolean>
            <boolean>false</boolean>
            <boolean>false</boolean>
            <boolean>false</boolean>
          </inactiveDays>
          <dayOfMonth>1</dayOfMonth>
          <allDay>true</allDay>
          <startingHour>8</startingHour>
          <startingMinute>0</startingMinute>
          <endingHour>17</endingHour>
          <endingMinute>0</endingMinute>
        </pollConnectorPropertiesAdvanced>
      </pollConnectorProperties>
      <sourceConnectorProperties version="3.4.2">
        <responseVariable>None</responseVariable>
        <respondAfterProcessing>true</respondAfterProcessing>
        <processBatch>false</processBatch>
        <firstResponse>false</firstResponse>
        <processingThreads>1</processingThreads>
        <resourceIds class="linked-hash-map">
          <entry>
            <string>Default Resource</string>
            <string>[Default Resource]</string>
          </entry>
          <entry>
            <string>796ea40c-02b0-4f6d-b1ef-d6f9fae09fc8</string>
            <string>AWS Resources</string>
          </entry>
        </resourceIds>
        <queueBufferSize>1000</queueBufferSize>
      </sourceConnectorProperties>
      <scheme>FILE</scheme>
      <host>/mirth/app/hl7/input/</host>
      <fileFilter>*</fileFilter>
      <regex>false</regex>
      <directoryRecursion>false</directoryRecursion>
      <ignoreDot>true</ignoreDot>
      <anonymous>true</anonymous>
      <username>anonymous</username>
      <password>anonymous</password>
      <timeout>10000</timeout>
      <secure>true</secure>
      <passive>true</passive>
      <validateConnection>true</validateConnection>
      <afterProcessingAction>MOVE</afterProcessingAction>
      <moveToDirectory>/mirth/app/hl7/processed/</moveToDirectory>
      <moveToFileName>${originalFilename}</moveToFileName>
      <errorReadingAction>NONE</errorReadingAction>
      <errorResponseAction>AFTER_PROCESSING</errorResponseAction>
      <errorMoveToDirectory></errorMoveToDirectory>
      <errorMoveToFileName></errorMoveToFileName>
      <checkFileAge>true</checkFileAge>
      <fileAge>1000</fileAge>
      <fileSizeMinimum>0</fileSizeMinimum>
      <fileSizeMaximum></fileSizeMaximum>
      <ignoreFileSizeMaximum>true</ignoreFileSizeMaximum>
      <sortBy>date</sortBy>
      <binary>false</binary>
      <charsetEncoding>DEFAULT_ENCODING</charsetEncoding>
    </properties>
    <transformer version="3.4.2">
      <steps/>
      <inboundTemplate encoding="base64"></inboundTemplate>
      <outboundTemplate encoding="base64"></outboundTemplate>
      <inboundDataType>HL7V2</inboundDataType>
      <outboundDataType>JSON</outboundDataType>
      <inboundProperties class="com.mirth.connect.plugins.datatypes.hl7v2.HL7v2DataTypeProperties" version="3.4.2">
        <serializationProperties class="com.mirth.connect.plugins.datatypes.hl7v2.HL7v2SerializationProperties" version="3.4.2">
          <handleRepetitions>true</handleRepetitions>
          <handleSubcomponents>true</handleSubcomponents>
          <useStrictParser>false</useStrictParser>
          <useStrictValidation>false</useStrictValidation>
          <stripNamespaces>true</stripNamespaces>
          <segmentDelimiter>\r</segmentDelimiter>
          <convertLineBreaks>true</convertLineBreaks>
        </serializationProperties>
        <deserializationProperties class="com.mirth.connect.plugins.datatypes.hl7v2.HL7v2DeserializationProperties" version="3.4.2">
          <useStrictParser>false</useStrictParser>
          <useStrictValidation>false</useStrictValidation>
          <segmentDelimiter>\r</segmentDelimiter>
        </deserializationProperties>
        <batchProperties class="com.mirth.connect.plugins.datatypes.hl7v2.HL7v2BatchProperties" version="3.4.2">
          <splitType>MSH_Segment</splitType>
          <batchScript></batchScript>
        </batchProperties>
        <responseGenerationProperties class="com.mirth.connect.plugins.datatypes.hl7v2.HL7v2ResponseGenerationProperties" version="3.4.2">
          <segmentDelimiter>\r</segmentDelimiter>
          <successfulACKCode>AA</successfulACKCode>
          <successfulACKMessage></successfulACKMessage>
          <errorACKCode>AE</errorACKCode>
          <errorACKMessage>An Error Occurred Processing Message.</errorACKMessage>
          <rejectedACKCode>AR</rejectedACKCode>
          <rejectedACKMessage>Message Rejected.</rejectedACKMessage>
          <msh15ACKAccept>false</msh15ACKAccept>
          <dateFormat>yyyyMMddHHmmss.SSS</dateFormat>
        </responseGenerationProperties>
        <responseValidationProperties class="com.mirth.connect.plugins.datatypes.hl7v2.HL7v2ResponseValidationProperties" version="3.4.2">
          <successfulACKCode>AA,CA</successfulACKCode>
          <errorACKCode>AE,CE</errorACKCode>
          <rejectedACKCode>AR,CR</rejectedACKCode>
          <validateMessageControlId>true</validateMessageControlId>
          <originalMessageControlId>Destination_Encoded</originalMessageControlId>
          <originalIdMapVariable></originalIdMapVariable>
        </responseValidationProperties>
      </inboundProperties>
      <outboundProperties class="com.mirth.connect.plugins.datatypes.json.JSONDataTypeProperties" version="3.4.2">
        <batchProperties class="com.mirth.connect.plugins.datatypes.json.JSONBatchProperties" version="3.4.2">
          <splitType>JavaScript</splitType>
          <batchScript></batchScript>
        </batchProperties>
      </outboundProperties>
    </transformer>
    <filter version="3.4.2">
      <rules/>
    </filter>
    <transportName>File Reader</transportName>
    <mode>SOURCE</mode>
    <enabled>true</enabled>
    <waitForPrevious>true</waitForPrevious>
  </sourceConnector>
  <destinationConnectors>
    <connector version="3.4.2">
      <metaDataId>2</metaDataId>
      <name>XML to JSON Web Service</name>
      <properties class="com.mirth.connect.connectors.http.HttpDispatcherProperties" version="3.4.2">
        <pluginProperties/>
        <destinationConnectorProperties version="3.4.2">
          <queueEnabled>false</queueEnabled>
          <sendFirst>false</sendFirst>
          <retryIntervalMillis>10000</retryIntervalMillis>
          <regenerateTemplate>false</regenerateTemplate>
          <retryCount>0</retryCount>
          <rotate>false</rotate>
          <includeFilterTransformer>false</includeFilterTransformer>
          <threadCount>1</threadCount>
          <threadAssignmentVariable></threadAssignmentVariable>
          <validateResponse>false</validateResponse>
          <resourceIds class="linked-hash-map">
            <entry>
              <string>Default Resource</string>
              <string>[Default Resource]</string>
            </entry>
            <entry>
              <string>796ea40c-02b0-4f6d-b1ef-d6f9fae09fc8</string>
              <string>AWS Resources</string>
            </entry>
          </resourceIds>
          <queueBufferSize>1000</queueBufferSize>
        </destinationConnectorProperties>
        <host>http://127.0.0.1:8001</host>
        <useProxyServer>false</useProxyServer>
        <proxyAddress></proxyAddress>
        <proxyPort></proxyPort>
        <method>post</method>
        <headers class="linked-hash-map"/>
        <parameters class="linked-hash-map"/>
        <responseXmlBody>false</responseXmlBody>
        <responseParseMultipart>true</responseParseMultipart>
        <responseIncludeMetadata>false</responseIncludeMetadata>
        <responseBinaryMimeTypes>application/.*(?&lt;!json|xml)$|image/.*|video/.*|audio/.*</responseBinaryMimeTypes>
        <responseBinaryMimeTypesRegex>true</responseBinaryMimeTypesRegex>
        <multipart>false</multipart>
        <useAuthentication>false</useAuthentication>
        <authenticationType>Basic</authenticationType>
        <usePreemptiveAuthentication>false</usePreemptiveAuthentication>
        <username></username>
        <password></password>
        <content>${message.encodedData}</content>
        <contentType>text/plain</contentType>
        <dataTypeBinary>false</dataTypeBinary>
        <charset>UTF-8</charset>
        <socketTimeout>30000</socketTimeout>
      </properties>
      <transformer version="3.4.2">
        <steps/>
        <inboundDataType>JSON</inboundDataType>
        <outboundDataType>JSON</outboundDataType>
        <inboundProperties class="com.mirth.connect.plugins.datatypes.json.JSONDataTypeProperties" version="3.4.2">
          <batchProperties class="com.mirth.connect.plugins.datatypes.json.JSONBatchProperties" version="3.4.2">
            <splitType>JavaScript</splitType>
            <batchScript></batchScript>
          </batchProperties>
        </inboundProperties>
        <outboundProperties class="com.mirth.connect.plugins.datatypes.json.JSONDataTypeProperties" version="3.4.2">
          <batchProperties class="com.mirth.connect.plugins.datatypes.json.JSONBatchProperties" version="3.4.2">
            <splitType>JavaScript</splitType>
            <batchScript></batchScript>
          </batchProperties>
        </outboundProperties>
      </transformer>
      <responseTransformer version="3.4.2">
        <steps/>
        <inboundDataType>JSON</inboundDataType>
        <outboundDataType>JSON</outboundDataType>
        <inboundProperties class="com.mirth.connect.plugins.datatypes.json.JSONDataTypeProperties" version="3.4.2">
          <batchProperties class="com.mirth.connect.plugins.datatypes.json.JSONBatchProperties" version="3.4.2">
            <splitType>JavaScript</splitType>
            <batchScript></batchScript>
          </batchProperties>
        </inboundProperties>
        <outboundProperties class="com.mirth.connect.plugins.datatypes.json.JSONDataTypeProperties" version="3.4.2">
          <batchProperties class="com.mirth.connect.plugins.datatypes.json.JSONBatchProperties" version="3.4.2">
            <splitType>JavaScript</splitType>
            <batchScript></batchScript>
          </batchProperties>
        </outboundProperties>
      </responseTransformer>
      <filter version="3.4.2">
        <rules/>
      </filter>
      <transportName>HTTP Sender</transportName>
      <mode>DESTINATION</mode>
      <enabled>true</enabled>
      <waitForPrevious>true</waitForPrevious>
    </connector>
    <connector version="3.4.2">
      <metaDataId>4</metaDataId>
      <name>To DynamoDB HL7 Channel</name>
      <properties class="com.mirth.connect.connectors.vm.VmDispatcherProperties" version="3.4.2">
        <pluginProperties/>
        <destinationConnectorProperties version="3.4.2">
          <queueEnabled>false</queueEnabled>
          <sendFirst>false</sendFirst>
          <retryIntervalMillis>10000</retryIntervalMillis>
          <regenerateTemplate>false</regenerateTemplate>
          <retryCount>0</retryCount>
          <rotate>false</rotate>
          <includeFilterTransformer>false</includeFilterTransformer>
          <threadCount>1</threadCount>
          <threadAssignmentVariable></threadAssignmentVariable>
          <validateResponse>false</validateResponse>
          <resourceIds class="linked-hash-map">
            <entry>
              <string>Default Resource</string>
              <string>[Default Resource]</string>
            </entry>
          </resourceIds>
          <queueBufferSize>1000</queueBufferSize>
        </destinationConnectorProperties>
        <channelId>d802f75a-3b54-4daa-8bb1-69b6783640dc</channelId>
        <channelTemplate>${d2.message}</channelTemplate>
        <mapVariables/>
      </properties>
      <transformer version="3.4.2">
        <steps/>
        <inboundDataType>JSON</inboundDataType>
        <outboundDataType>JSON</outboundDataType>
        <inboundProperties class="com.mirth.connect.plugins.datatypes.json.JSONDataTypeProperties" version="3.4.2">
          <batchProperties class="com.mirth.connect.plugins.datatypes.json.JSONBatchProperties" version="3.4.2">
            <splitType>JavaScript</splitType>
            <batchScript></batchScript>
          </batchProperties>
        </inboundProperties>
        <outboundProperties class="com.mirth.connect.plugins.datatypes.json.JSONDataTypeProperties" version="3.4.2">
          <batchProperties class="com.mirth.connect.plugins.datatypes.json.JSONBatchProperties" version="3.4.2">
            <splitType>JavaScript</splitType>
            <batchScript></batchScript>
          </batchProperties>
        </outboundProperties>
      </transformer>
      <responseTransformer version="3.4.2">
        <steps/>
        <inboundDataType>JSON</inboundDataType>
        <outboundDataType>JSON</outboundDataType>
        <inboundProperties class="com.mirth.connect.plugins.datatypes.json.JSONDataTypeProperties" version="3.4.2">
          <batchProperties class="com.mirth.connect.plugins.datatypes.json.JSONBatchProperties" version="3.4.2">
            <splitType>JavaScript</splitType>
            <batchScript></batchScript>
          </batchProperties>
        </inboundProperties>
        <outboundProperties class="com.mirth.connect.plugins.datatypes.json.JSONDataTypeProperties" version="3.4.2">
          <batchProperties class="com.mirth.connect.plugins.datatypes.json.JSONBatchProperties" version="3.4.2">
            <splitType>JavaScript</splitType>
            <batchScript></batchScript>
          </batchProperties>
        </outboundProperties>
      </responseTransformer>
      <filter version="3.4.2">
        <rules/>
      </filter>
      <transportName>Channel Writer</transportName>
      <mode>DESTINATION</mode>
      <enabled>true</enabled>
      <waitForPrevious>true</waitForPrevious>
    </connector>
  </destinationConnectors>
  <preprocessingScript>// Modify the message variable below to pre process data
return message;</preprocessingScript>
  <postprocessingScript>// This script executes once after a message has been processed
// Responses returned from here will be stored as &quot;Postprocessor&quot; in the response map
return;</postprocessingScript>
  <deployScript>// This script executes once when the channel is deployed
// You only have access to the globalMap and globalChannelMap here to persist data
return;</deployScript>
  <undeployScript>// This script executes once when the channel is undeployed
// You only have access to the globalMap and globalChannelMap here to persist data
return;</undeployScript>
  <properties version="3.4.2">
    <clearGlobalChannelMap>true</clearGlobalChannelMap>
    <messageStorageMode>DEVELOPMENT</messageStorageMode>
    <encryptData>false</encryptData>
    <removeContentOnCompletion>false</removeContentOnCompletion>
    <removeOnlyFilteredOnCompletion>false</removeOnlyFilteredOnCompletion>
    <removeAttachmentsOnCompletion>false</removeAttachmentsOnCompletion>
    <initialState>STARTED</initialState>
    <storeAttachments>false</storeAttachments>
    <tags class="linked-hash-set"/>
    <metaDataColumns>
      <metaDataColumn>
        <name>SOURCE</name>
        <type>STRING</type>
        <mappingName>mirth_source</mappingName>
      </metaDataColumn>
      <metaDataColumn>
        <name>TYPE</name>
        <type>STRING</type>
        <mappingName>mirth_type</mappingName>
      </metaDataColumn>
    </metaDataColumns>
    <attachmentProperties version="3.4.2">
      <type>None</type>
      <properties/>
    </attachmentProperties>
    <archiveEnabled>true</archiveEnabled>
    <resourceIds class="linked-hash-map">
      <entry>
        <string>Default Resource</string>
        <string>[Default Resource]</string>
      </entry>
      <entry>
        <string>796ea40c-02b0-4f6d-b1ef-d6f9fae09fc8</string>
        <string>AWS Resources</string>
      </entry>
    </resourceIds>
  </properties>
  <codeTemplateLibraries/>
</channel>